{
    "mean": [
        229.99278823749594,
        5.015732271163041,
        0.8958896105711589,
        2.9822593974572214,
        2.0745106879652893
    ],
    "scale": [
        5.603151128958919,
        1.096450885688599,
        0.06772734373578705,
        1.7307636232815475,
        1.0840046411110347
    ]
}